ejercicio,presupuesto,seccion_cod,seccion_denominacion,servicio_cod,servicio_denominacion
2026,2025-P,01,CASA DE SU MAJESTAD EL REY,01,CASA DE SU MAJESTAD EL REY
2026,2025-P,02,CORTES GENERALES,01,CORTES GENERALES
2026,2025-P,02,CORTES GENERALES,02,CONGRESO DE LOS DIPUTADOS
2026,2025-P,02,CORTES GENERALES,03,SENADO
2026,2025-P,02,CORTES GENERALES,04,JUNTA ELECTORAL CENTRAL
2026,2025-P,02,CORTES GENERALES,05,DEFENSOR DEL PUEBLO
2026,2025-P,03,TRIBUNAL DE CUENTAS,01,"TRIBUNAL, FISCALÍA Y SERVICIOS GENERALES"
2026,2025-P,04,TRIBUNAL CONSTITUCIONAL,01,TRIBUNAL CONSTITUCIONAL
2026,2025-P,05,CONSEJO DE ESTADO,01,CONSEJO DE ESTADO
2026,2025-P,06,DEUDA PÚBLICA,01,"BONOS, OBLIGACIONES Y OTRAS DEUDAS"
2026,2025-P,06,DEUDA PÚBLICA,02,PRÉSTAMOS
2026,2025-P,06,DEUDA PÚBLICA,03,LETRAS DEL TESORO
2026,2025-P,06,DEUDA PÚBLICA,04,DEUDAS ASUMIDAS
2026,2025-P,06,DEUDA PÚBLICA,05,OBLIGACIONES DIVERSAS
2026,2025-P,07,CLASES PASIVAS,01,PENSIONES Y OTRAS PRESTACIONES DE CLASES PASIVAS
2026,2025-P,08,CONSEJO GENERAL DEL PODER JUDICIAL,01,CONSEJO GENERAL DEL PODER JUDICIAL
2026,2025-P,09,APORTACIONES AL MUTUALISMO ADMINISTRATIVO,01,DIRECCIÓN GENERAL DE PRESUPUESTOS
2026,2025-P,10,CONTRATACIÓN CENTRALIZADA,01,DIRECCIÓN GENERAL DE RACIONALIZACIÓN Y CENTRALIZACIÓN DE LA CONTRATACIÓN
2026,2025-P,12,"MINISTERIO DE ASUNTOS EXTERIORES, UNIÓN EUROPEA Y COOPERACIÓN",01,"MINISTERIO, SUBSECRETARÍA Y SERVICIOS GENERALES"
2026,2025-P,12,"MINISTERIO DE ASUNTOS EXTERIORES, UNIÓN EUROPEA Y COOPERACIÓN",02,SECRETARÍA DE ESTADO PARA LA UNIÓN EUROPEA
2026,2025-P,12,"MINISTERIO DE ASUNTOS EXTERIORES, UNIÓN EUROPEA Y COOPERACIÓN",03,SECRETARÍA DE ESTADO DE COOPERACIÓN INTERNACIONAL
2026,2025-P,12,"MINISTERIO DE ASUNTOS EXTERIORES, UNIÓN EUROPEA Y COOPERACIÓN",04,SECRETARÍA DE ESTADO DE ASUNTOS EXTERIORES Y GLOBALES
2026,2025-P,12,"MINISTERIO DE ASUNTOS EXTERIORES, UNIÓN EUROPEA Y COOPERACIÓN",05,SECRETARÍA DE ESTADO PARA IBEROAMERICA Y EL CARIBE Y EL ESPAÑOL EN EL MUNDO
2026,2025-P,13,"MINISTERIO DE LA PRESIDENCIA, JUSTICIA Y RELACIONES CON LAS CORTES",01,"MINISTERIO, SUBSECRETARÍA Y SERVICIOS GENERALES"
2026,2025-P,13,"MINISTERIO DE LA PRESIDENCIA, JUSTICIA Y RELACIONES CON LAS CORTES",02,SECRETARÍA DE ESTADO DE JUSTICIA
2026,2025-P,13,"MINISTERIO DE LA PRESIDENCIA, JUSTICIA Y RELACIONES CON LAS CORTES",03,DIRECCIÓN GENERAL DE SEGURIDAD JURÍDICA Y FE PÚBLICA
2026,2025-P,13,"MINISTERIO DE LA PRESIDENCIA, JUSTICIA Y RELACIONES CON LAS CORTES",04,ABOGACÍA GENERAL DEL ESTADO
2026,2025-P,13,"MINISTERIO DE LA PRESIDENCIA, JUSTICIA Y RELACIONES CON LAS CORTES",05,SECRETARÍA GENERAL PARA LA INNOVACIÓN Y CALIDAD DEL SERVICIO PÚBLICO DE JUSTICIA. FISCALÍA GENERAL
2026,2025-P,13,"MINISTERIO DE LA PRESIDENCIA, JUSTICIA Y RELACIONES CON LAS CORTES",06,SECRETARÍA GENERAL PARA LA INNOVACIÓN Y CALIDAD DEL SERVICIO PÚBLICO DE JUSTICIA. MINISTERIO FISCAL
2026,2025-P,13,"MINISTERIO DE LA PRESIDENCIA, JUSTICIA Y RELACIONES CON LAS CORTES",07,PRESIDENTE DEL GOBIERNO
2026,2025-P,13,"MINISTERIO DE LA PRESIDENCIA, JUSTICIA Y RELACIONES CON LAS CORTES",08,SECRETARIADO DEL GOBIERNO Y RELACIONES CON LAS CORTES
2026,2025-P,14,MINISTERIO DE DEFENSA,01,MINISTERIO Y SUBSECRETARÍA
2026,2025-P,14,MINISTERIO DE DEFENSA,02,CUARTEL GENERAL DEL EMAD
2026,2025-P,14,MINISTERIO DE DEFENSA,03,SECRETARÍA DE ESTADO DE DEFENSA
2026,2025-P,14,MINISTERIO DE DEFENSA,12,EJÉRCITO DE TIERRA
2026,2025-P,14,MINISTERIO DE DEFENSA,17,ARMADA
2026,2025-P,14,MINISTERIO DE DEFENSA,22,EJÉRCITO DEL AIRE Y DEL ESPACIO
2026,2025-P,14,MINISTERIO DE DEFENSA,50,MECANISMO DE RECUPERACIÓN Y RESILIENCIA
2026,2025-P,15,MINISTERIO DE HACIENDA,01,"MINISTERIO, SUBSECRETARÍA Y SERVICIOS GENERALES"
2026,2025-P,15,MINISTERIO DE HACIENDA,02,SECRETARÍA GENERAL TÉCNICA
2026,2025-P,15,MINISTERIO DE HACIENDA,04,DIRECCIÓN GENERAL DEL PATRIMONIO DEL ESTADO
2026,2025-P,15,MINISTERIO DE HACIENDA,05,SECRETARÍA DE ESTADO DE HACIENDA
2026,2025-P,15,MINISTERIO DE HACIENDA,06,DIRECCIÓN GENERAL DE RACIONALIZACIÓN Y CENTRALIZACIÓN DE LA CONTRATACIÓN
2026,2025-P,15,MINISTERIO DE HACIENDA,07,DIRECCIÓN GENERAL DE TRIBUTOS
2026,2025-P,15,MINISTERIO DE HACIENDA,08,DIRECCIÓN GENERAL DEL CATASTRO
2026,2025-P,15,MINISTERIO DE HACIENDA,09,TRIBUNAL ECONÓMICO-ADMINISTRATIVO CENTRAL
2026,2025-P,15,MINISTERIO DE HACIENDA,11,INTERVENCIÓN GENERAL DE LA ADMINISTRACIÓN DEL ESTADO
2026,2025-P,15,MINISTERIO DE HACIENDA,12,SECRETARÍA DE ESTADO DE PRESUPUESTOS Y GASTOS
2026,2025-P,15,MINISTERIO DE HACIENDA,13,DIRECCIÓN GENERAL DE COSTES DE PERSONAL
2026,2025-P,15,MINISTERIO DE HACIENDA,14,SECRETARÍA GENERAL DE FONDOS EUROPEOS
2026,2025-P,15,MINISTERIO DE HACIENDA,15,DIRECCIÓN GENERAL DE PRESUPUESTOS
2026,2025-P,15,MINISTERIO DE HACIENDA,22,SECRETARÍA GENERAL DE FINANCIACIÓN AUTONÓMICA Y LOCAL
2026,2025-P,15,MINISTERIO DE HACIENDA,50,MECANISMO DE RECUPERACIÓN Y RESILIENCIA
2026,2025-P,16,MINISTERIO DEL INTERIOR,01,"MINISTERIO, SUBSECRETARÍA Y SERVICIOS GENERALES"
2026,2025-P,16,MINISTERIO DEL INTERIOR,02,SECRETARÍA DE ESTADO DE SEGURIDAD
2026,2025-P,16,MINISTERIO DEL INTERIOR,03,DIRECCIÓN GENERAL DE LA POLICÍA
2026,2025-P,16,MINISTERIO DEL INTERIOR,04,DIRECCIÓN GENERAL DE LA GUARDIA CIVIL
2026,2025-P,16,MINISTERIO DEL INTERIOR,05,SECRETARÍA GENERAL DE INSTITUCIONES PENITENCIARIAS
2026,2025-P,17,MINISTERIO DE TRANSPORTES Y MOVILIDAD SOSTENIBLE,01,"MINISTERIO, SUBSECRETARÍA Y SERVICIOS GENERALES"
2026,2025-P,17,MINISTERIO DE TRANSPORTES Y MOVILIDAD SOSTENIBLE,02,DIRECCIÓN GENERAL DE PROGRAMACIÓN ECONÓMICA Y PRESUPUESTOS
2026,2025-P,17,MINISTERIO DE TRANSPORTES Y MOVILIDAD SOSTENIBLE,03,SECRETARÍA GENERAL TÉCNICA
2026,2025-P,17,MINISTERIO DE TRANSPORTES Y MOVILIDAD SOSTENIBLE,18,DIRECCIÓN GENERAL DEL INSTITUTO GEOGRÁFICO NACIONAL
2026,2025-P,17,MINISTERIO DE TRANSPORTES Y MOVILIDAD SOSTENIBLE,20,SECRETARÍA DE ESTADO DE TRANSPORTES Y MOVILIDAD SOSTENIBLE
2026,2025-P,17,MINISTERIO DE TRANSPORTES Y MOVILIDAD SOSTENIBLE,32,DIRECCIÓN GENERAL DE MARINA MERCANTE
2026,2025-P,17,MINISTERIO DE TRANSPORTES Y MOVILIDAD SOSTENIBLE,34,DIRECCIÓN GENERAL DE AVIACIÓN CIVIL
2026,2025-P,17,MINISTERIO DE TRANSPORTES Y MOVILIDAD SOSTENIBLE,38,DIRECCIÓN GENERAL DE CARRETERAS
2026,2025-P,17,MINISTERIO DE TRANSPORTES Y MOVILIDAD SOSTENIBLE,39,DIRECCIÓN GENERAL DE TRANSPORTE POR CARRETERA Y FERROCARRIL
2026,2025-P,17,MINISTERIO DE TRANSPORTES Y MOVILIDAD SOSTENIBLE,40,DIRECCIÓN GENERAL DEL SECTOR FERROVIARIO
2026,2025-P,17,MINISTERIO DE TRANSPORTES Y MOVILIDAD SOSTENIBLE,50,MECANISMO DE RECUPERACIÓN Y RESILIENCIA
2026,2025-P,18,"MINISTERIO DE EDUCACIÓN, FORMACIÓN PROFESIONAL Y DEPORTES",01,"MINISTERIO, SUBSECRETARÍA Y SERVICIOS GENERALES"
2026,2025-P,18,"MINISTERIO DE EDUCACIÓN, FORMACIÓN PROFESIONAL Y DEPORTES",02,SECRETARÍA GENERAL TÉCNICA
2026,2025-P,18,"MINISTERIO DE EDUCACIÓN, FORMACIÓN PROFESIONAL Y DEPORTES",03,SECRETARÍA DE ESTADO DE EDUCACIÓN
2026,2025-P,18,"MINISTERIO DE EDUCACIÓN, FORMACIÓN PROFESIONAL Y DEPORTES",04,DIRECCIÓN GENERAL DE EVALUACIÓN Y COOPERACIÓN TERRITORIAL
2026,2025-P,18,"MINISTERIO DE EDUCACIÓN, FORMACIÓN PROFESIONAL Y DEPORTES",05,SECRETARÍA GENERAL DE FORMACIÓN PROFESIONAL
2026,2025-P,18,"MINISTERIO DE EDUCACIÓN, FORMACIÓN PROFESIONAL Y DEPORTES",08,DIRECCIÓN GENERAL DE PLANIFICACIÓN Y GESTIÓN EDUCATIVA
2026,2025-P,18,"MINISTERIO DE EDUCACIÓN, FORMACIÓN PROFESIONAL Y DEPORTES",50,MECANISMO DE RECUPERACIÓN Y RESILIENCIA
2026,2025-P,19,MINISTERIO DE TRABAJO Y ECONOMÍA SOCIAL,01,MINISTERIO Y SUBSECRETARÍA
2026,2025-P,19,MINISTERIO DE TRABAJO Y ECONOMÍA SOCIAL,02,SECRETARÍA DE ESTADO DE ECONOMÍA SOCIAL
2026,2025-P,19,MINISTERIO DE TRABAJO Y ECONOMÍA SOCIAL,03,SECRETARÍA DE ESTADO DE TRABAJO
2026,2025-P,20,MINISTERIO DE INDUSTRIA Y TURISMO,01,"MINISTERIO, SUBSECRETARÍA Y SERVICIOS GENERALES"
2026,2025-P,20,MINISTERIO DE INDUSTRIA Y TURISMO,02,SECRETARÍA GENERAL TÉCNICA
2026,2025-P,20,MINISTERIO DE INDUSTRIA Y TURISMO,03,SECRETARÍA DE ESTADO DE INDUSTRIA
2026,2025-P,20,MINISTERIO DE INDUSTRIA Y TURISMO,04,SECRETARÍA DE ESTADO DE TURISMO
2026,2025-P,20,MINISTERIO DE INDUSTRIA Y TURISMO,09,DIRECCIÓN GENERAL DE PROGRAMAS INDUSTRIALES
2026,2025-P,20,MINISTERIO DE INDUSTRIA Y TURISMO,10,DIRECCIÓN GENERAL DE ESTRATEGIA INDUSTRIAL Y DE LA PEQUEÑA Y MEDIANA EMPRESA
2026,2025-P,20,MINISTERIO DE INDUSTRIA Y TURISMO,50,MECANISMO DE RECUPERACIÓN Y RESILIENCIA
2026,2025-P,21,"MINISTERIO DE AGRICULTURA, PESCA Y ALIMENTACIÓN",01,"MINISTERIO, SUBSECRETARÍA Y SERVICIOS GENERALES"
2026,2025-P,21,"MINISTERIO DE AGRICULTURA, PESCA Y ALIMENTACIÓN",02,SECRETARÍA GENERAL TÉCNICA
2026,2025-P,21,"MINISTERIO DE AGRICULTURA, PESCA Y ALIMENTACIÓN",03,DIRECCIÓN GENERAL DE SERVICIOS E INSPECCIÓN
2026,2025-P,21,"MINISTERIO DE AGRICULTURA, PESCA Y ALIMENTACIÓN",04,SECRETARÍA GENERAL DE RECURSOS AGRARIOS Y SEGURIDAD ALIMENTARIA
2026,2025-P,21,"MINISTERIO DE AGRICULTURA, PESCA Y ALIMENTACIÓN",05,DIRECCIÓN GENERAL DE PRODUCCIONES Y MERCADOS AGRARIOS
2026,2025-P,21,"MINISTERIO DE AGRICULTURA, PESCA Y ALIMENTACIÓN",06,DIRECCIÓN GENERAL DE SANIDAD DE LA PRODUCCIÓN AGROALIMENTARIA Y BIENESTAR ANIMAL
2026,2025-P,21,"MINISTERIO DE AGRICULTURA, PESCA Y ALIMENTACIÓN",07,DIRECCIÓN GENERAL DE ALIMENTACIÓN
2026,2025-P,21,"MINISTERIO DE AGRICULTURA, PESCA Y ALIMENTACIÓN",08,"DIRECCIÓN GENERAL DE DESARROLLO RURAL, INNOVACIÓN Y FORMACIÓN AGROALIMENTARIA"
2026,2025-P,21,"MINISTERIO DE AGRICULTURA, PESCA Y ALIMENTACIÓN",09,SECRETARÍA GENERAL DE PESCA
2026,2025-P,21,"MINISTERIO DE AGRICULTURA, PESCA Y ALIMENTACIÓN",10,DIRECCIÓN GENERAL DE PESCA SOSTENIBLE
2026,2025-P,21,"MINISTERIO DE AGRICULTURA, PESCA Y ALIMENTACIÓN",11,DIRECCIÓN GENERAL DE ORDENACIÓN PESQUERA Y ACUICULTURA
2026,2025-P,22,MINISTERIO DE POLÍTICA TERRITORIAL Y MEMORIA DEMOCRÁTICA,01,"MINISTERIO, SUBSECRETARÍA Y SERVICIOS GENERALES"
2026,2025-P,22,MINISTERIO DE POLÍTICA TERRITORIAL Y MEMORIA DEMOCRÁTICA,02,SECRETARÍA DE ESTADO DE POLÍTICA TERRITORIAL
2026,2025-P,22,MINISTERIO DE POLÍTICA TERRITORIAL Y MEMORIA DEMOCRÁTICA,03,SECRETARÍA DE ESTADO DE MEMORIA DEMOCRÁTICA
2026,2025-P,23,MINISTERIO PARA LA TRANSICIÓN ECOLÓGICA Y EL RETO DEMOGRÁFICO,01,"MINISTERIO, SUBSECRETARÍA Y SERVICIOS GENERALES"
2026,2025-P,23,MINISTERIO PARA LA TRANSICIÓN ECOLÓGICA Y EL RETO DEMOGRÁFICO,02,SECRETARÍA GENERAL TÉCNICA
2026,2025-P,23,MINISTERIO PARA LA TRANSICIÓN ECOLÓGICA Y EL RETO DEMOGRÁFICO,03,SECRETARÍA DE ESTADO DE ENERGÍA
2026,2025-P,23,MINISTERIO PARA LA TRANSICIÓN ECOLÓGICA Y EL RETO DEMOGRÁFICO,04,SECRETARÍA DE ESTADO DE MEDIO AMBIENTE
2026,2025-P,23,MINISTERIO PARA LA TRANSICIÓN ECOLÓGICA Y EL RETO DEMOGRÁFICO,05,DIRECCIÓN GENERAL DEL AGUA
2026,2025-P,23,MINISTERIO PARA LA TRANSICIÓN ECOLÓGICA Y EL RETO DEMOGRÁFICO,06,DIRECCIÓN GENERAL DE LA COSTA Y DEL MAR
2026,2025-P,23,MINISTERIO PARA LA TRANSICIÓN ECOLÓGICA Y EL RETO DEMOGRÁFICO,08,DIRECCIÓN GENERAL DE CALIDAD Y EVALUACIÓN AMBIENTAL
2026,2025-P,23,MINISTERIO PARA LA TRANSICIÓN ECOLÓGICA Y EL RETO DEMOGRÁFICO,09,DIRECCIÓN GENERAL DE POLÍTICA ENERGÉTICA Y MINAS
2026,2025-P,23,MINISTERIO PARA LA TRANSICIÓN ECOLÓGICA Y EL RETO DEMOGRÁFICO,10,OFICINA ESPAÑOLA DEL CAMBIO CLIMÁTICO
2026,2025-P,23,MINISTERIO PARA LA TRANSICIÓN ECOLÓGICA Y EL RETO DEMOGRÁFICO,11,"DIRECCIÓN GENERAL DE BIODIVERSIDAD, BOSQUES Y DESERTIFICACIÓN"
2026,2025-P,23,MINISTERIO PARA LA TRANSICIÓN ECOLÓGICA Y EL RETO DEMOGRÁFICO,12,DIRECCIÓN GENERAL DE SERVICIOS
2026,2025-P,23,MINISTERIO PARA LA TRANSICIÓN ECOLÓGICA Y EL RETO DEMOGRÁFICO,13,SECRETARÍA GENERAL PARA EL RETO DEMOGRÁFICO
2026,2025-P,23,MINISTERIO PARA LA TRANSICIÓN ECOLÓGICA Y EL RETO DEMOGRÁFICO,14,DIRECCIÓN GENERAL DE POLÍTICAS CONTRA LA DESPOBLACIÓN
2026,2025-P,23,MINISTERIO PARA LA TRANSICIÓN ECOLÓGICA Y EL RETO DEMOGRÁFICO,50,MECANISMO DE RECUPERACIÓN Y RESILIENCIA
2026,2025-P,24,MINISTERIO DE CULTURA,01,"MINISTERIO, SUBSECRETARÍA Y SERVICIOS GENERALES"
2026,2025-P,24,MINISTERIO DE CULTURA,02,SECRETARÍA GENERAL TÉCNICA
2026,2025-P,24,MINISTERIO DE CULTURA,03,"DIRECCIÓN GENERAL DEL LIBRO, DEL CÓMIC Y DE LA LECTURA"
2026,2025-P,24,MINISTERIO DE CULTURA,04,DIRECCIÓN GENERAL DE DERECHOS CULTURALES
2026,2025-P,24,MINISTERIO DE CULTURA,05,DIRECCIÓN GENERAL DE PATRIMONIO CULTURAL Y BELLAS ARTES
2026,2025-P,24,MINISTERIO DE CULTURA,06,SECRETARÍA DE ESTADO DE CULTURA
2026,2025-P,24,MINISTERIO DE CULTURA,07,DIRECCIÓN GENERAL DE ARTES ESCÉNICAS Y MÚSICA
2026,2025-P,25,MINISTERIO DE VIVIENDA Y AGENDA URBANA,01,"MINISTERIO, SUBSECRETARÍA Y SERVICIOS GENERALES"
2026,2025-P,25,MINISTERIO DE VIVIENDA Y AGENDA URBANA,09,DIRECCIÓN GENERAL DE VIVIENDA Y SUELO
2026,2025-P,25,MINISTERIO DE VIVIENDA Y AGENDA URBANA,10,DIRECCIÓN GENERAL DE AGENDA URBANA Y ARQUITECTURA
2026,2025-P,25,MINISTERIO DE VIVIENDA Y AGENDA URBANA,50,MECANISMO DE RECUPERACIÓN Y RESILIENCIA
2026,2025-P,26,MINISTERIO DE SANIDAD,01,MINISTERIO Y SUBSECRETARÍA
2026,2025-P,26,MINISTERIO DE SANIDAD,02,SECRETARÍA GENERAL TÉCNICA
2026,2025-P,26,MINISTERIO DE SANIDAD,03,"SECRETARÍA GENERAL DE SALUD DIGITAL, INFORMACIÓN E INNOVACIÓN DEL SISTEMA NACIONAL DE SALUD"
2026,2025-P,26,MINISTERIO DE SANIDAD,04,SECRETARÍA DE ESTADO DE SANIDAD
2026,2025-P,26,MINISTERIO DE SANIDAD,05,DIRECCIÓN GENERAL DE SALUD DIGITAL Y SISTEMAS DE INFORMACIÓN PARA EL SISTEMA NACIONAL DE SALUD
2026,2025-P,26,MINISTERIO DE SANIDAD,06,COMISIONADO DE SALUD MENTAL
2026,2025-P,26,MINISTERIO DE SANIDAD,07,DIRECCIÓN GENERAL DE SALUD PÚBLICA Y EQUIDAD EN SALUD
2026,2025-P,26,MINISTERIO DE SANIDAD,09,DIRECCIÓN GENERAL DE CARTERA COMÚN DE SERVICIOS DEL SISTEMA NACIONAL DE SALUD Y FARMACIA
2026,2025-P,26,MINISTERIO DE SANIDAD,12,DIRECCIÓN GENERAL DE ORDENACIÓN PROFESIONAL
2026,2025-P,26,MINISTERIO DE SANIDAD,18,DELEGACIÓN DEL GOBIERNO PARA EL PLAN NACIONAL SOBRE DROGAS
2026,2025-P,27,"MINISTERIO DE ECONOMÍA, COMERCIO Y EMPRESA",01,"MINISTERIO, SUBSECRETARÍA Y SERVICIOS GENERALES"
2026,2025-P,27,"MINISTERIO DE ECONOMÍA, COMERCIO Y EMPRESA",02,SECRETARÍA GENERAL TÉCNICA
2026,2025-P,27,"MINISTERIO DE ECONOMÍA, COMERCIO Y EMPRESA",03,SECRETARÍA DE ESTADO DE ECONOMÍA Y APOYO A LA EMPRESA
2026,2025-P,27,"MINISTERIO DE ECONOMÍA, COMERCIO Y EMPRESA",04,SECRETARÍA GENERAL DEL TESORO Y FINANCIACIÓN INTERNACIONAL
2026,2025-P,27,"MINISTERIO DE ECONOMÍA, COMERCIO Y EMPRESA",05,DIRECCIÓN GENERAL DE POLÍTICA ECONÓMICA
2026,2025-P,27,"MINISTERIO DE ECONOMÍA, COMERCIO Y EMPRESA",06,DIRECCIÓN GENERAL DE ANÁLISIS ECONÓMICO
2026,2025-P,27,"MINISTERIO DE ECONOMÍA, COMERCIO Y EMPRESA",07,DIRECCIÓN GENERAL DE SEGUROS Y FONDOS DE PENSIONES
2026,2025-P,27,"MINISTERIO DE ECONOMÍA, COMERCIO Y EMPRESA",10,SECRETARÍA DE ESTADO DE COMERCIO
2026,2025-P,27,"MINISTERIO DE ECONOMÍA, COMERCIO Y EMPRESA",14,DIRECCIÓN GENERAL DE INTELIGENCIA ECONÓMICA Y COMERCIAL
2026,2025-P,27,"MINISTERIO DE ECONOMÍA, COMERCIO Y EMPRESA",15,DIRECCIÓN GENERAL DE POLÍTICA COMERCIAL Y SEGURIDAD ECONÓMICA
2026,2025-P,27,"MINISTERIO DE ECONOMÍA, COMERCIO Y EMPRESA",50,MECANISMO DE RECUPERACIÓN Y RESILIENCIA
2026,2025-P,28,"MINISTERIO DE CIENCIA, INNOVACIÓN Y UNIVERSIDADES",01,"MINISTERIO, SUBSECRETARÍA Y SERVICIOS GENERALES"
2026,2025-P,28,"MINISTERIO DE CIENCIA, INNOVACIÓN Y UNIVERSIDADES",02,SECRETARÍA GENERAL TÉCNICA
2026,2025-P,28,"MINISTERIO DE CIENCIA, INNOVACIÓN Y UNIVERSIDADES",06,SECRETARÍA GENERAL DE INVESTIGACIÓN
2026,2025-P,28,"MINISTERIO DE CIENCIA, INNOVACIÓN Y UNIVERSIDADES",07,DIRECCIÓN GENERAL DE PLANIFICACIÓN DE LA INVESTIGACIÓN
2026,2025-P,28,"MINISTERIO DE CIENCIA, INNOVACIÓN Y UNIVERSIDADES",08,SECRETARÍA GENERAL DE INNOVACIÓN
2026,2025-P,28,"MINISTERIO DE CIENCIA, INNOVACIÓN Y UNIVERSIDADES",09,SECRETARÍA GENERAL DE UNIVERSIDADES
2026,2025-P,28,"MINISTERIO DE CIENCIA, INNOVACIÓN Y UNIVERSIDADES",50,MECANISMO DE RECUPERACIÓN Y RESILIENCIA
2026,2025-P,29,"MINISTERIO DE DERECHOS SOCIALES, CONSUMO Y AGENDA 2030",01,"MINISTERIO, SUBSECRETARÍA Y SERVICIOS GENERALES"
2026,2025-P,29,"MINISTERIO DE DERECHOS SOCIALES, CONSUMO Y AGENDA 2030",02,SECRETARÍA GENERAL TÉCNICA
2026,2025-P,29,"MINISTERIO DE DERECHOS SOCIALES, CONSUMO Y AGENDA 2030",03,SECRETARÍA DE ESTADO DE DERECHOS SOCIALES
2026,2025-P,29,"MINISTERIO DE DERECHOS SOCIALES, CONSUMO Y AGENDA 2030",04,DIRECCIÓN GENERAL DE DERECHOS DE LOS ANIMALES
2026,2025-P,29,"MINISTERIO DE DERECHOS SOCIALES, CONSUMO Y AGENDA 2030",05,DIRECCIÓN GENERAL DE DIVERSIDAD FAMILIAR Y SERVICIOS SOCIALES
2026,2025-P,29,"MINISTERIO DE DERECHOS SOCIALES, CONSUMO Y AGENDA 2030",06,DIRECCIÓN GENERAL DE DERECHOS DE LAS PERSONAS CON DISCAPACIDAD
2026,2025-P,29,"MINISTERIO DE DERECHOS SOCIALES, CONSUMO Y AGENDA 2030",07,DIRECCIÓN GENERAL DE AGENDA 2030
2026,2025-P,29,"MINISTERIO DE DERECHOS SOCIALES, CONSUMO Y AGENDA 2030",08,SECRETARÍA GENERAL DE CONSUMO Y JUEGO
2026,2025-P,29,"MINISTERIO DE DERECHOS SOCIALES, CONSUMO Y AGENDA 2030",09,DIRECCIÓN GENERAL DE CONSUMO
2026,2025-P,29,"MINISTERIO DE DERECHOS SOCIALES, CONSUMO Y AGENDA 2030",10,DIRECCIÓN GENERAL DE ORDENACIÓN DEL JUEGO
2026,2025-P,30,MINISTERIO DE IGUALDAD,01,"MINISTERIO, SUBSECRETARÍA Y SERVICIOS GENERALES"
2026,2025-P,30,MINISTERIO DE IGUALDAD,02,SECRETARÍA DE ESTADO DE IGUALDAD Y PARA LA ERRADICACIÓN DE LA VIOLENCIA CONTRA LAS MUJERES
2026,2025-P,30,MINISTERIO DE IGUALDAD,03,DELEGACIÓN DEL GOBIERNO CONTRA LA VIOLENCIA DE GÉNERO
2026,2025-P,31,MINISTERIO DE JUVENTUD E INFANCIA,01,"MINISTERIO, SUBSECRETARÍA Y SERVICIOS GENERALES"
2026,2025-P,31,MINISTERIO DE JUVENTUD E INFANCIA,02,SECRETARÍA GENERAL TÉCNICA
2026,2025-P,31,MINISTERIO DE JUVENTUD E INFANCIA,03,SECRETARÍA DE ESTADO DE JUVENTUD E INFANCIA
2026,2025-P,31,MINISTERIO DE JUVENTUD E INFANCIA,04,DIRECCIÓN GENERAL DE DERECHOS DE LA INFANCIA Y LA ADOLESCENCIA
2026,2025-P,31,MINISTERIO DE JUVENTUD E INFANCIA,50,MECANISMO DE RECUPERACIÓN Y RESILIENCIA
2026,2025-P,32,"MINISTERIO DE INCLUSIÓN, SEGURIDAD SOCIAL Y MIGRACIONES",01,"MINISTERIO, SUBSECRETARÍA Y SERVICIOS GENERALES"
2026,2025-P,32,"MINISTERIO DE INCLUSIÓN, SEGURIDAD SOCIAL Y MIGRACIONES",02,SECRETARÍA DE ESTADO DE SEGURIDAD SOCIAL Y PENSIONES
2026,2025-P,32,"MINISTERIO DE INCLUSIÓN, SEGURIDAD SOCIAL Y MIGRACIONES",03,SECRETARÍA DE ESTADO DE MIGRACIONES
2026,2025-P,32,"MINISTERIO DE INCLUSIÓN, SEGURIDAD SOCIAL Y MIGRACIONES",04,SECRETARÍA GENERAL DE INCLUSIÓN
2026,2025-P,33,MINISTERIO PARA LA TRANSFORMACIÓN DIGITAL Y DE LA FUNCIÓN PÚBLICA,01,"MINISTERIO, SUBSECRETARÍA Y SERVICIOS GENERALES"
2026,2025-P,33,MINISTERIO PARA LA TRANSFORMACIÓN DIGITAL Y DE LA FUNCIÓN PÚBLICA,02,SECRETARÍA GENERAL TÉCNICA
2026,2025-P,33,MINISTERIO PARA LA TRANSFORMACIÓN DIGITAL Y DE LA FUNCIÓN PÚBLICA,03,SECRETARÍA DE ESTADO DE TELECOMUNICACIONES E INFRAESTRUCTURAS DIGITALES
2026,2025-P,33,MINISTERIO PARA LA TRANSFORMACIÓN DIGITAL Y DE LA FUNCIÓN PÚBLICA,04,SECRETARÍA DE ESTADO DE DIGITALIZACIÓN E INTELIGENCIA ARTIFICIAL
2026,2025-P,33,MINISTERIO PARA LA TRANSFORMACIÓN DIGITAL Y DE LA FUNCIÓN PÚBLICA,06,SECRETARÍA DE ESTADO DE FUNCIÓN PÚBLICA
2026,2025-P,33,MINISTERIO PARA LA TRANSFORMACIÓN DIGITAL Y DE LA FUNCIÓN PÚBLICA,50,MECANISMO DE RECUPERACIÓN Y RESILIENCIA
2026,2025-P,34,RELACIONES FINANCIERAS CON LA UNIÓN EUROPEA,01,DIRECCIÓN GENERAL FONDOS COMUNITARIOS. RELACIONES FINANCIERAS CON LA UNIÓN EUROPEA
2026,2025-P,35,FONDO DE CONTINGENCIA,01,DIRECCIÓN GENERAL DE PRESUPUESTOS. FONDO DE CONTINGENCIA
2026,2025-P,36,FONDOS DE COMPENSACIÓN INTERTERRITORIAL,03,SECRETARÍA GENERAL DE FINANCIACIÓN AUTONÓMICA Y LOCAL. GALICIA
2026,2025-P,36,FONDOS DE COMPENSACIÓN INTERTERRITORIAL,04,SECRETARÍA GENERAL DE FINANCIACIÓN AUTONÓMICA Y LOCAL. ANDALUCÍA
2026,2025-P,36,FONDOS DE COMPENSACIÓN INTERTERRITORIAL,05,SECRETARÍA GENERAL DE FINANCIACIÓN AUTONÓMICA Y LOCAL. PRINCIPADO DE ASTURIAS
2026,2025-P,36,FONDOS DE COMPENSACIÓN INTERTERRITORIAL,06,SECRETARÍA GENERAL DE FINANCIACIÓN AUTONÓMICA Y LOCAL. CANTABRIA
2026,2025-P,36,FONDOS DE COMPENSACIÓN INTERTERRITORIAL,08,SECRETARÍA GENERAL DE FINANCIACIÓN AUTONÓMICA Y LOCAL. REGIÓN DE MURCIA
2026,2025-P,36,FONDOS DE COMPENSACIÓN INTERTERRITORIAL,09,SECRETARÍA GENERAL DE FINANCIACIÓN AUTONÓMICA Y LOCAL. COMUNIDAD VALENCIANA
2026,2025-P,36,FONDOS DE COMPENSACIÓN INTERTERRITORIAL,11,SECRETARÍA GENERAL DE FINANCIACIÓN AUTONÓMICA Y LOCAL. CASTILLA-LA MANCHA
2026,2025-P,36,FONDOS DE COMPENSACIÓN INTERTERRITORIAL,12,SECRETARÍA GENERAL DE FINANCIACIÓN AUTONÓMICA Y LOCAL. CANARIAS
2026,2025-P,36,FONDOS DE COMPENSACIÓN INTERTERRITORIAL,14,SECRETARÍA GENERAL DE FINANCIACIÓN AUTONÓMICA Y LOCAL. EXTREMADURA
2026,2025-P,36,FONDOS DE COMPENSACIÓN INTERTERRITORIAL,17,SECRETARÍA GENERAL DE FINANCIACIÓN AUTONÓMICA Y LOCAL. CASTILLA Y LEÓN
2026,2025-P,36,FONDOS DE COMPENSACIÓN INTERTERRITORIAL,18,SECRETARÍA GENERAL DE FINANCIACIÓN AUTONÓMICA Y LOCAL. CEUTA
2026,2025-P,36,FONDOS DE COMPENSACIÓN INTERTERRITORIAL,19,SECRETARÍA GENERAL DE FINANCIACIÓN AUTONÓMICA Y LOCAL. MELILLA
2026,2025-P,36,FONDOS DE COMPENSACIÓN INTERTERRITORIAL,20,SECRETARÍA GENERAL DE FINANCIACIÓN AUTONÓMICA Y LOCAL. VARIAS CC. AA.
2026,2025-P,37,OTRAS RELACIONES FINANCIERAS CON ENTES TERRITORIALES,01,SECRETARÍA GENERAL DE FINANCIACIÓN AUTONÓMICA Y LOCAL. COMUNIDADES AUTÓNOMAS
2026,2025-P,37,OTRAS RELACIONES FINANCIERAS CON ENTES TERRITORIALES,02,SECRETARÍA GENERAL DE FINANCIACIÓN AUTONÓMICA Y LOCAL. ENTIDADES LOCALES
2026,2025-P,38,SISTEMAS DE FINANCIACIÓN DE ENTES TERRITORIALES,01,SECRETARÍA GENERAL DE FINANCIACIÓN AUTONÓMICA Y LOCAL. PAÍS VASCO
2026,2025-P,38,SISTEMAS DE FINANCIACIÓN DE ENTES TERRITORIALES,02,SECRETARÍA GENERAL DE FINANCIACIÓN AUTONÓMICA Y LOCAL. CATALUÑA
2026,2025-P,38,SISTEMAS DE FINANCIACIÓN DE ENTES TERRITORIALES,03,SECRETARÍA GENERAL DE FINANCIACIÓN AUTONÓMICA Y LOCAL. GALICIA
2026,2025-P,38,SISTEMAS DE FINANCIACIÓN DE ENTES TERRITORIALES,04,SECRETARÍA GENERAL DE FINANCIACIÓN AUTONÓMICA Y LOCAL. ANDALUCÍA
2026,2025-P,38,SISTEMAS DE FINANCIACIÓN DE ENTES TERRITORIALES,05,SECRETARÍA GENERAL DE FINANCIACIÓN AUTONÓMICA Y LOCAL. PRINCIPADO DE ASTURIAS
2026,2025-P,38,SISTEMAS DE FINANCIACIÓN DE ENTES TERRITORIALES,06,SECRETARÍA GENERAL DE FINANCIACIÓN AUTONÓMICA Y LOCAL. CANTABRIA
2026,2025-P,38,SISTEMAS DE FINANCIACIÓN DE ENTES TERRITORIALES,07,SECRETARÍA GENERAL DE FINANCIACIÓN AUTONÓMICA Y LOCAL. LA RIOJA
2026,2025-P,38,SISTEMAS DE FINANCIACIÓN DE ENTES TERRITORIALES,10,SECRETARÍA GENERAL DE FINANCIACIÓN AUTONÓMICA Y LOCAL. ARAGÓN
2026,2025-P,38,SISTEMAS DE FINANCIACIÓN DE ENTES TERRITORIALES,11,SECRETARÍA GENERAL DE FINANCIACIÓN AUTONÓMICA Y LOCAL. CASTILLA-LA MANCHA
2026,2025-P,38,SISTEMAS DE FINANCIACIÓN DE ENTES TERRITORIALES,12,SECRETARÍA GENERAL DE FINANCIACIÓN AUTONÓMICA Y LOCAL. CANARIAS
2026,2025-P,38,SISTEMAS DE FINANCIACIÓN DE ENTES TERRITORIALES,13,SECRETARÍA GENERAL DE FINANCIACIÓN AUTONÓMICA Y LOCAL. NAVARRA
2026,2025-P,38,SISTEMAS DE FINANCIACIÓN DE ENTES TERRITORIALES,14,SECRETARÍA GENERAL DE FINANCIACIÓN AUTONÓMICA Y LOCAL. EXTREMADURA
2026,2025-P,38,SISTEMAS DE FINANCIACIÓN DE ENTES TERRITORIALES,17,SECRETARÍA GENERAL DE FINANCIACIÓN AUTONÓMICA Y LOCAL. CASTILLA Y LEÓN
2026,2025-P,38,SISTEMAS DE FINANCIACIÓN DE ENTES TERRITORIALES,18,SECRETARÍA GENERAL DE FINANCIACIÓN AUTONÓMICA Y LOCAL. MELILLA
2026,2025-P,38,SISTEMAS DE FINANCIACIÓN DE ENTES TERRITORIALES,19,SECRETARÍA GENERAL DE FINANCIACIÓN AUTONÓMICA Y LOCAL. CEUTA
2026,2025-P,38,SISTEMAS DE FINANCIACIÓN DE ENTES TERRITORIALES,20,SECRETARÍA GENERAL DE FINANCIACIÓN AUTONÓMICA Y LOCAL. VARIAS CC. AA.
2026,2025-P,38,SISTEMAS DE FINANCIACIÓN DE ENTES TERRITORIALES,21,SECRETARÍA GENERAL DE FINANCIACIÓN AUTONÓMICA Y LOCAL. ENTIDADES LOCALES
